target_table,target_column,target_full_name,source_table,source_column,source_full_name,final_score,similarity_method,decision,name_similarity,regex_score,entropy_score,cardinality_score,null_ratio_score,mapping_type,mapping_confidence,transformation_sql,rank
party,party_id,party.party_id,customer_master,customer_id,customer_master.customer_id,0.9650,llm,AUTO_ACCEPT,0.9000,1.0000,1.0000,1.0000,1.0000,direct,0.95,,1
party,party_id,party.party_id,customer_address,customer_id,customer_address.customer_id,0.9650,llm,AUTO_ACCEPT,0.9000,1.0000,1.0000,1.0000,1.0000,,,,2
party,party_id,party.party_id,identity_documents,customer_id,identity_documents.customer_id,0.9650,llm,AUTO_ACCEPT,0.9000,1.0000,1.0000,1.0000,1.0000,,,,3
party,party_id,party.party_id,service_subscription,customer_id,service_subscription.customer_id,0.9650,llm,AUTO_ACCEPT,0.9000,1.0000,1.0000,1.0000,1.0000,,,,4
party,party_id,party.party_id,billing_account,customer_id,billing_account.customer_id,0.9650,llm,AUTO_ACCEPT,0.9000,1.0000,1.0000,1.0000,1.0000,,,,5
party,full_name,party.full_name,customer_master,first_name,customer_master.first_name,0.8250,llm,HUMAN_REVIEW,0.5000,1.0000,1.0000,1.0000,1.0000,derived,0.95,"CONCAT(customer_master.first_name, ' ', customer_master.last_name)",1
party,full_name,party.full_name,customer_master,last_name,customer_master.last_name,0.8250,llm,HUMAN_REVIEW,0.5000,1.0000,1.0000,1.0000,1.0000,derived,0.95,"CONCAT(customer_master.first_name, ' ', customer_master.last_name)",2
party,full_name,party.full_name,customer_address,city,customer_address.city,0.6500,llm,REJECT,0.0000,1.0000,1.0000,1.0000,1.0000,,,,3
party,full_name,party.full_name,customer_address,state,customer_address.state,0.5942,llm,REJECT,0.0000,1.0000,0.8277,0.8000,1.0000,,,,4
party,full_name,party.full_name,customer_master,customer_id,customer_master.customer_id,0.4700,llm,REJECT,0.2000,0.0000,1.0000,1.0000,1.0000,,,,5
party,birth_date,party.birth_date,customer_master,date_of_birth,customer_master.date_of_birth,1.0000,llm,AUTO_ACCEPT,1.0000,1.0000,1.0000,1.0000,1.0000,direct,0.95,,1
party,birth_date,party.birth_date,customer_master,ssn,customer_master.ssn,0.6314,llm,REJECT,0.2000,1.0000,0.7925,0.7500,0.8000,,,,2
party,birth_date,party.birth_date,customer_master,customer_id,customer_master.customer_id,0.5792,llm,REJECT,0.0000,1.0000,0.8614,0.8000,0.8000,,,,3
party,birth_date,party.birth_date,customer_master,email_address,customer_master.email_address,0.4000,llm,REJECT,0.0000,0.0000,1.0000,1.0000,1.0000,,,,4
party,birth_date,party.birth_date,customer_master,first_name,customer_master.first_name,0.3292,llm,REJECT,0.0000,0.0000,0.8614,0.8000,0.8000,,,,5
party,party_type_cd,party.party_type_cd,customer_master,customer_type_cd,customer_master.customer_type_cd,0.8950,llm,HUMAN_REVIEW,0.7000,1.0000,1.0000,1.0000,1.0000,derived,0.85,"CASE WHEN customer_master.customer_type_cd = 'IND' THEN 'IND' WHEN customer_contact.contact_type_cd IN ('MOBILE', 'HOME', 'WORK') THEN 'IND' ELSE NULL END",1
party,party_type_cd,party.party_type_cd,billing_account,billing_cycle_cd,billing_account.billing_cycle_cd,0.7200,llm,REJECT,0.2000,1.0000,1.0000,1.0000,1.0000,derived,0.85,"CASE WHEN customer_master.customer_type_cd = 'IND' THEN 'IND' WHEN customer_contact.contact_type_cd IN ('MOBILE', 'HOME', 'WORK') THEN 'IND' ELSE NULL END",2
party,party_type_cd,party.party_type_cd,customer_contact,contact_type_cd,customer_contact.contact_type_cd,0.6100,llm,REJECT,0.6000,1.0000,0.0000,0.3333,1.0000,derived,0.85,"CASE WHEN customer_master.customer_type_cd = 'IND' THEN 'IND' WHEN customer_contact.contact_type_cd IN ('MOBILE', 'HOME', 'WORK') THEN 'IND' ELSE NULL END",3
party,party_type_cd,party.party_type_cd,billing_account,account_status_cd,billing_account.account_status_cd,0.5300,llm,REJECT,0.3000,1.0000,0.0000,0.5000,1.0000,,,,4
party,party_type_cd,party.party_type_cd,customer_address,address_type_cd,customer_address.address_type_cd,0.5050,llm,REJECT,0.3000,1.0000,0.0000,0.3333,1.0000,,,,5
party,gender_cd,party.gender_cd,gender_lookup,gender_code,gender_lookup.gender_code,0.7090,fuzzy,REJECT,0.9000,0.0000,0.9602,1.0000,1.0000,derived,0.85,CASE WHEN gender_lookup.gender_code IS NOT NULL THEN gender_lookup.gender_code ELSE customer_master.gender_code END,1
party,gender_cd,party.gender_cd,gender_lookup,gender_desc,gender_lookup.gender_desc,0.6740,llm,REJECT,0.8000,0.0000,0.9602,1.0000,1.0000,,,,2
party,gender_cd,party.gender_cd,customer_master,gender_code,customer_master.gender_code,0.5936,fuzzy,REJECT,0.9000,0.0000,0.6571,0.6667,0.8000,derived,0.85,CASE WHEN gender_lookup.gender_code IS NOT NULL THEN gender_lookup.gender_code ELSE customer_master.gender_code END,3
party,gender_cd,party.gender_cd,customer_master,ssn,customer_master.ssn,0.4240,llm,REJECT,0.2000,0.0000,0.9602,1.0000,0.6000,,,,4
party,gender_cd,party.gender_cd,customer_master,date_of_birth,customer_master.date_of_birth,0.3766,llm,REJECT,0.2000,0.0000,0.7610,0.7500,0.8000,,,,5
party,ssn,party.ssn,customer_master,ssn,customer_master.ssn,1.0000,fuzzy,AUTO_ACCEPT,1.0000,1.0000,1.0000,1.0000,1.0000,direct,0.95,,1
party,ssn,party.ssn,customer_master,date_of_birth,customer_master.date_of_birth,0.6314,llm,REJECT,0.2000,1.0000,0.7925,0.7500,0.8000,,,,2
party,ssn,party.ssn,customer_master,customer_id,customer_master.customer_id,0.6074,llm,REJECT,0.3000,1.0000,0.6826,0.6000,0.6000,,,,3
party,ssn,party.ssn,customer_master,email_address,customer_master.email_address,0.3464,llm,REJECT,0.1000,0.0000,0.7925,0.7500,0.8000,,,,4
party,ssn,party.ssn,customer_master,last_name,customer_master.last_name,0.2874,llm,REJECT,0.1000,0.0000,0.6826,0.6000,0.6000,,,,5
party,created_ts,party.created_ts,customer_master,created_ts,customer_master.created_ts,1.0000,fuzzy,AUTO_ACCEPT,1.0000,1.0000,1.0000,1.0000,1.0000,direct,0.95,,1
party,created_ts,party.created_ts,identity_documents,verified_ts,identity_documents.verified_ts,0.8550,llm,HUMAN_REVIEW,0.7000,1.0000,1.0000,1.0000,0.6000,,,,2
party,created_ts,party.created_ts,invoice_header,invoice_dt,invoice_header.invoice_dt,0.6450,llm,REJECT,0.7000,0.0000,1.0000,1.0000,1.0000,,,,3
party,created_ts,party.created_ts,customer_master,updated_ts,customer_master.updated_ts,0.5200,llm,REJECT,0.7000,0.5000,1.0000,0.0000,0.0000,,,,4
party,created_ts,party.created_ts,invoice_header,due_dt,invoice_header.due_dt,0.4700,llm,REJECT,0.2000,0.0000,1.0000,1.0000,1.0000,,,,5
party,email,party.email,customer_master,email_address,customer_master.email_address,0.9650,llm,AUTO_ACCEPT,0.9000,1.0000,1.0000,1.0000,1.0000,direct,0.95,,1
party,email,party.email,customer_contact,contact_value,customer_contact.contact_value,0.5209,llm,REJECT,0.5000,0.0000,0.8614,0.8000,0.9667,,,,2
party,email,party.email,customer_address,zip_code,customer_address.zip_code,0.4000,llm,REJECT,0.0000,0.0000,1.0000,1.0000,1.0000,,,,3
party,email,party.email,customer_master,customer_id,customer_master.customer_id,0.3992,llm,REJECT,0.2000,0.0000,0.8614,0.8000,0.8000,,,,4
party,email,party.email,customer_master,first_name,customer_master.first_name,0.3992,llm,REJECT,0.2000,0.0000,0.8614,0.8000,0.8000,,,,5
party_identifier,id_id,party_identifier.id_id,customer_master,customer_id,customer_master.customer_id,0.8250,llm,HUMAN_REVIEW,0.5000,1.0000,1.0000,1.0000,1.0000,direct,0.95,,1
party_identifier,id_id,party_identifier.id_id,customer_address,customer_id,customer_address.customer_id,0.8250,llm,HUMAN_REVIEW,0.5000,1.0000,1.0000,1.0000,1.0000,,,,2
party_identifier,id_id,party_identifier.id_id,identity_documents,customer_id,identity_documents.customer_id,0.8250,llm,HUMAN_REVIEW,0.5000,1.0000,1.0000,1.0000,1.0000,,,,3
party_identifier,id_id,party_identifier.id_id,service_subscription,customer_id,service_subscription.customer_id,0.8250,llm,HUMAN_REVIEW,0.5000,1.0000,1.0000,1.0000,1.0000,,,,4
party_identifier,id_id,party_identifier.id_id,billing_account,customer_id,billing_account.customer_id,0.8250,llm,HUMAN_REVIEW,0.5000,1.0000,1.0000,1.0000,1.0000,,,,5
party_identifier,party_id,party_identifier.party_id,customer_master,customer_id,customer_master.customer_id,0.9650,llm,AUTO_ACCEPT,0.9000,1.0000,1.0000,1.0000,1.0000,direct,0.95,,1
party_identifier,party_id,party_identifier.party_id,customer_address,customer_id,customer_address.customer_id,0.9650,llm,AUTO_ACCEPT,0.9000,1.0000,1.0000,1.0000,1.0000,,,,2
party_identifier,party_id,party_identifier.party_id,identity_documents,customer_id,identity_documents.customer_id,0.9650,llm,AUTO_ACCEPT,0.9000,1.0000,1.0000,1.0000,1.0000,,,,3
party_identifier,party_id,party_identifier.party_id,service_subscription,customer_id,service_subscription.customer_id,0.9650,llm,AUTO_ACCEPT,0.9000,1.0000,1.0000,1.0000,1.0000,,,,4
party_identifier,party_id,party_identifier.party_id,billing_account,customer_id,billing_account.customer_id,0.9650,llm,AUTO_ACCEPT,0.9000,1.0000,1.0000,1.0000,1.0000,,,,5
party_identifier,is_primary,party_identifier.is_primary,customer_address,is_primary,customer_address.is_primary,1.0000,fuzzy,AUTO_ACCEPT,1.0000,1.0000,1.0000,1.0000,1.0000,derived,0.85,CASE WHEN customer_address.is_primary = 'True' OR customer_contact.is_primary = 'True' THEN 'True' ELSE 'False' END,1
party_identifier,is_primary,party_identifier.is_primary,customer_contact,is_primary,customer_contact.is_primary,0.7750,fuzzy,HUMAN_REVIEW,1.0000,1.0000,0.0000,0.5000,1.0000,derived,0.85,CASE WHEN customer_address.is_primary = 'True' OR customer_contact.is_primary = 'True' THEN 'True' ELSE 'False' END,2
party_identifier,is_primary,party_identifier.is_primary,customer_master,customer_type_cd,customer_master.customer_type_cd,0.7200,llm,REJECT,0.2000,1.0000,1.0000,1.0000,1.0000,,,,3
party_identifier,is_primary,party_identifier.is_primary,customer_master,status_cd,customer_master.status_cd,0.4950,llm,REJECT,0.2000,1.0000,0.0000,0.5000,1.0000,,,,4
party_identifier,is_primary,party_identifier.is_primary,customer_master,customer_id,customer_master.customer_id,0.2000,llm,REJECT,0.2000,0.0000,0.0000,0.2000,1.0000,,,,5
party_identifier,id_value,party_identifier.id_value,customer_master,customer_id,customer_master.customer_id,0.8250,llm,HUMAN_REVIEW,0.5000,1.0000,1.0000,1.0000,1.0000,direct,0.95,,1
party_identifier,id_value,party_identifier.id_value,customer_address,customer_id,customer_address.customer_id,0.8250,llm,HUMAN_REVIEW,0.5000,1.0000,1.0000,1.0000,1.0000,,,,2
party_identifier,id_value,party_identifier.id_value,identity_documents,customer_id,identity_documents.customer_id,0.8250,llm,HUMAN_REVIEW,0.5000,1.0000,1.0000,1.0000,1.0000,,,,3
party_identifier,id_value,party_identifier.id_value,service_subscription,customer_id,service_subscription.customer_id,0.8250,llm,HUMAN_REVIEW,0.5000,1.0000,1.0000,1.0000,1.0000,,,,4
party_identifier,id_value,party_identifier.id_value,billing_account,customer_id,billing_account.customer_id,0.8250,llm,HUMAN_REVIEW,0.5000,1.0000,1.0000,1.0000,1.0000,,,,5
party_identifier,id_type_cd,party_identifier.id_type_cd,identity_documents,doc_type_cd,identity_documents.doc_type_cd,0.9500,fuzzy,AUTO_ACCEPT,0.8571,1.0000,1.0000,1.0000,1.0000,derived,0.85,"CASE WHEN identity_documents.doc_type_cd IN ('SSN', 'PASSPORT', 'DL') THEN identity_documents.doc_type_cd ELSE NULL END",1
party_identifier,id_type_cd,party_identifier.id_type_cd,customer_contact,contact_type_cd,customer_contact.contact_type_cd,0.8119,llm,HUMAN_REVIEW,0.5000,1.0000,0.9129,1.0000,1.0000,,,,2
party_identifier,id_type_cd,party_identifier.id_type_cd,customer_status_lookup,status_cd,customer_status_lookup.status_cd,0.7347,llm,REJECT,0.3000,1.0000,0.8650,1.0000,1.0000,,,,3
party_identifier,id_type_cd,party_identifier.id_type_cd,customer_master,gender_code,customer_master.gender_code,0.7144,llm,REJECT,0.5000,1.0000,0.7294,0.6667,0.8000,,,,4
party_identifier,id_type_cd,party_identifier.id_type_cd,billing_account,payment_method_cd,billing_account.payment_method_cd,0.7051,llm,REJECT,0.2000,1.0000,0.9008,1.0000,1.0000,,,,5
service_status_lookup,service_status_cd,service_status_lookup.service_status_cd,customer_status_lookup,status_cd,customer_status_lookup.status_cd,0.8614,llm,HUMAN_REVIEW,0.8000,1.0000,0.7925,0.7500,1.0000,derived,0.85,"CASE WHEN service_subscription.service_status_cd IN ('ACTIVE', 'SUSPENDED', 'CLOSED') THEN service_subscription.service_status_cd ELSE (CASE WHEN customer_status_lookup.status_cd IN ('ACTIVE', 'SUSPENDED', 'CLOSED') THEN customer_status_lookup.status_cd ELSE customer_master.status_cd END) END",1
service_status_lookup,service_status_cd,service_status_lookup.service_status_cd,service_subscription,service_status_cd,service_subscription.service_status_cd,0.8291,fuzzy,HUMAN_REVIEW,1.0000,1.0000,0.3609,0.5000,1.0000,derived,0.85,"CASE WHEN service_subscription.service_status_cd IN ('ACTIVE', 'SUSPENDED', 'CLOSED') THEN service_subscription.service_status_cd ELSE (CASE WHEN customer_status_lookup.status_cd IN ('ACTIVE', 'SUSPENDED', 'CLOSED') THEN customer_status_lookup.status_cd ELSE customer_master.status_cd END) END",2
service_status_lookup,service_status_cd,service_status_lookup.service_status_cd,customer_master,status_cd,customer_master.status_cd,0.7591,llm,HUMAN_REVIEW,0.8000,1.0000,0.3609,0.5000,1.0000,derived,0.85,"CASE WHEN service_subscription.service_status_cd IN ('ACTIVE', 'SUSPENDED', 'CLOSED') THEN service_subscription.service_status_cd ELSE (CASE WHEN customer_status_lookup.status_cd IN ('ACTIVE', 'SUSPENDED', 'CLOSED') THEN customer_status_lookup.status_cd ELSE customer_master.status_cd END) END",3
service_status_lookup,service_status_cd,service_status_lookup.service_status_cd,billing_account,account_status_cd,billing_account.account_status_cd,0.7241,llm,REJECT,0.7000,1.0000,0.3609,0.5000,1.0000,,,,4
service_status_lookup,service_status_cd,service_status_lookup.service_status_cd,customer_contact,contact_type_cd,customer_contact.contact_type_cd,0.6264,llm,REJECT,0.2000,1.0000,0.6258,0.7500,1.0000,,,,5
party_address_rel,party_id,party_address_rel.party_id,customer_master,customer_id,customer_master.customer_id,0.9650,llm,AUTO_ACCEPT,0.9000,1.0000,1.0000,1.0000,1.0000,direct,0.95,,1
party_address_rel,party_id,party_address_rel.party_id,customer_address,customer_id,customer_address.customer_id,0.9650,llm,AUTO_ACCEPT,0.9000,1.0000,1.0000,1.0000,1.0000,,,,2
party_address_rel,party_id,party_address_rel.party_id,identity_documents,customer_id,identity_documents.customer_id,0.9650,llm,AUTO_ACCEPT,0.9000,1.0000,1.0000,1.0000,1.0000,,,,3
party_address_rel,party_id,party_address_rel.party_id,service_subscription,customer_id,service_subscription.customer_id,0.9650,llm,AUTO_ACCEPT,0.9000,1.0000,1.0000,1.0000,1.0000,,,,4
party_address_rel,party_id,party_address_rel.party_id,billing_account,customer_id,billing_account.customer_id,0.9650,llm,AUTO_ACCEPT,0.9000,1.0000,1.0000,1.0000,1.0000,,,,5
party_address_rel,rel_id,party_address_rel.rel_id,customer_master,customer_id,customer_master.customer_id,0.7550,llm,HUMAN_REVIEW,0.3000,1.0000,1.0000,1.0000,1.0000,direct,0.95,,1
party_address_rel,rel_id,party_address_rel.rel_id,customer_address,customer_id,customer_address.customer_id,0.7550,llm,HUMAN_REVIEW,0.3000,1.0000,1.0000,1.0000,1.0000,,,,2
party_address_rel,rel_id,party_address_rel.rel_id,identity_documents,customer_id,identity_documents.customer_id,0.7550,llm,HUMAN_REVIEW,0.3000,1.0000,1.0000,1.0000,1.0000,,,,3
party_address_rel,rel_id,party_address_rel.rel_id,service_subscription,customer_id,service_subscription.customer_id,0.7550,llm,HUMAN_REVIEW,0.3000,1.0000,1.0000,1.0000,1.0000,,,,4
party_address_rel,rel_id,party_address_rel.rel_id,billing_account,customer_id,billing_account.customer_id,0.7550,llm,HUMAN_REVIEW,0.3000,1.0000,1.0000,1.0000,1.0000,,,,5
service_status_lookup,service_status_desc,service_status_lookup.service_status_desc,service_subscription,service_status_cd,service_subscription.service_status_cd,0.7903,fuzzy,HUMAN_REVIEW,0.8889,1.0000,0.3609,0.5000,1.0000,derived,0.85,"CASE WHEN service_subscription.service_status_cd IN ('ACTIVE', 'SUSPENDED') THEN service_subscription.service_status_cd ELSE customer_status_lookup.status_cd END",1
service_status_lookup,service_status_desc,service_status_lookup.service_status_desc,customer_status_lookup,status_cd,customer_status_lookup.status_cd,0.7564,llm,HUMAN_REVIEW,0.5000,1.0000,0.7925,0.7500,1.0000,derived,0.85,"CASE WHEN service_subscription.service_status_cd IN ('ACTIVE', 'SUSPENDED') THEN service_subscription.service_status_cd ELSE customer_status_lookup.status_cd END",2
service_status_lookup,service_status_desc,service_status_lookup.service_status_desc,invoice_header,status_cd,invoice_header.status_cd,0.6728,llm,REJECT,0.5000,1.0000,0.4855,0.5000,1.0000,,,,3
service_status_lookup,service_status_desc,service_status_lookup.service_status_desc,customer_master,status_cd,customer_master.status_cd,0.6541,llm,REJECT,0.5000,1.0000,0.3609,0.5000,1.0000,,,,4
service_status_lookup,service_status_desc,service_status_lookup.service_status_desc,billing_account,account_status_cd,billing_account.account_status_cd,0.6541,llm,REJECT,0.5000,1.0000,0.3609,0.5000,1.0000,,,,5
party_address_rel,is_primary,party_address_rel.is_primary,customer_address,is_primary,customer_address.is_primary,1.0000,fuzzy,AUTO_ACCEPT,1.0000,1.0000,1.0000,1.0000,1.0000,derived,0.95,CASE WHEN customer_address.is_primary = 'True' THEN 'True' ELSE customer_contact.is_primary END,1
party_address_rel,is_primary,party_address_rel.is_primary,customer_contact,is_primary,customer_contact.is_primary,0.7750,fuzzy,HUMAN_REVIEW,1.0000,1.0000,0.0000,0.5000,1.0000,derived,0.95,CASE WHEN customer_address.is_primary = 'True' THEN 'True' ELSE customer_contact.is_primary END,2
party_address_rel,is_primary,party_address_rel.is_primary,customer_master,customer_type_cd,customer_master.customer_type_cd,0.7200,llm,REJECT,0.2000,1.0000,1.0000,1.0000,1.0000,,,,3
party_address_rel,is_primary,party_address_rel.is_primary,customer_master,status_cd,customer_master.status_cd,0.4950,llm,REJECT,0.2000,1.0000,0.0000,0.5000,1.0000,,,,4
party_address_rel,is_primary,party_address_rel.is_primary,customer_master,first_name,customer_master.first_name,0.3800,llm,REJECT,0.0000,1.0000,0.0000,0.2000,1.0000,,,,5
address,address_id,address.address_id,customer_address,address_id,customer_address.address_id,1.0000,fuzzy,AUTO_ACCEPT,1.0000,1.0000,1.0000,1.0000,1.0000,direct,0.95,,1
address,address_id,address.address_id,customer_address,customer_id,customer_address.customer_id,0.7200,llm,REJECT,0.2000,1.0000,1.0000,1.0000,1.0000,,,,2
address,address_id,address.address_id,customer_contact,customer_id,customer_contact.customer_id,0.7155,llm,REJECT,0.2000,1.0000,0.9697,1.0000,1.0000,,,,3
address,address_id,address.address_id,customer_address,state,customer_address.state,0.5192,llm,REJECT,0.5000,0.0000,0.8277,0.8000,1.0000,,,,4
address,address_id,address.address_id,customer_address,city,customer_address.city,0.4700,llm,REJECT,0.2000,0.0000,1.0000,1.0000,1.0000,,,,5
party_address_rel,address_role_cd,party_address_rel.address_role_cd,customer_address,address_type_cd,customer_address.address_type_cd,0.9300,llm,AUTO_ACCEPT,0.8000,1.0000,1.0000,1.0000,1.0000,derived,0.85,"CASE WHEN customer_address.address_type_cd IN ('HOME', 'BILLING') THEN 'BILLING' ELSE customer_contact.contact_type_cd END",1
party_address_rel,address_role_cd,party_address_rel.address_role_cd,customer_contact,contact_type_cd,customer_contact.contact_type_cd,0.8119,llm,HUMAN_REVIEW,0.5000,1.0000,0.9129,1.0000,1.0000,derived,0.85,"CASE WHEN customer_address.address_type_cd IN ('HOME', 'BILLING') THEN 'BILLING' ELSE customer_contact.contact_type_cd END",2
party_address_rel,address_role_cd,party_address_rel.address_role_cd,customer_address,city,customer_address.city,0.7036,llm,REJECT,0.5000,1.0000,0.5905,0.6000,1.0000,,,,3
party_address_rel,address_role_cd,party_address_rel.address_role_cd,customer_address,state,customer_address.state,0.6395,llm,REJECT,0.2000,1.0000,0.7134,0.7500,1.0000,,,,4
party_address_rel,address_role_cd,party_address_rel.address_role_cd,customer_contact,is_primary,customer_contact.is_primary,0.6261,llm,REJECT,0.3000,1.0000,0.4741,0.6667,1.0000,,,,5
address,street_1,address.street_1,customer_address,street_1,customer_address.street_1,1.0000,fuzzy,AUTO_ACCEPT,1.0000,1.0000,1.0000,1.0000,1.0000,derived,0.85,"COALESCE(customer_address.street_1, customer_address.street_2)",1
address,street_1,address.street_1,customer_address,street_2,customer_address.street_2,0.6337,fuzzy,REJECT,0.8750,1.0000,0.0000,0.2500,0.4000,derived,0.85,"COALESCE(customer_address.street_1, customer_address.street_2)",2
address,street_1,address.street_1,customer_address,city,customer_address.city,0.5042,llm,REJECT,0.5000,0.0000,0.8614,0.8000,0.8000,,,,3
address,street_1,address.street_1,customer_address,zip_code,customer_address.zip_code,0.4700,llm,REJECT,0.2000,0.0000,1.0000,1.0000,1.0000,,,,4
address,street_1,address.street_1,customer_address,state,customer_address.state,0.4441,llm,REJECT,0.2000,0.0000,0.9609,1.0000,0.8000,,,,5
party_address_rel,address_id,party_address_rel.address_id,customer_address,address_id,customer_address.address_id,1.0000,fuzzy,AUTO_ACCEPT,1.0000,1.0000,1.0000,1.0000,1.0000,direct,0.95,,1
party_address_rel,address_id,party_address_rel.address_id,service_subscription,customer_id,service_subscription.customer_id,0.8250,llm,HUMAN_REVIEW,0.5000,1.0000,1.0000,1.0000,1.0000,,,,2
party_address_rel,address_id,party_address_rel.address_id,customer_master,customer_id,customer_master.customer_id,0.7200,llm,REJECT,0.2000,1.0000,1.0000,1.0000,1.0000,,,,3
party_address_rel,address_id,party_address_rel.address_id,customer_address,customer_id,customer_address.customer_id,0.7200,llm,REJECT,0.2000,1.0000,1.0000,1.0000,1.0000,,,,4
party_address_rel,address_id,party_address_rel.address_id,identity_documents,customer_id,identity_documents.customer_id,0.7200,llm,REJECT,0.2000,1.0000,1.0000,1.0000,1.0000,,,,5
address,street_2,address.street_2,customer_address,street_2,customer_address.street_2,1.0000,fuzzy,AUTO_ACCEPT,1.0000,1.0000,1.0000,1.0000,1.0000,derived,0.85,"COALESCE(customer_address.street_2, customer_address.street_1)",1
address,street_2,address.street_2,customer_address,street_1,customer_address.street_1,0.6337,fuzzy,REJECT,0.8750,1.0000,0.0000,0.2500,0.4000,derived,0.85,"COALESCE(customer_address.street_2, customer_address.street_1)",2
address,street_2,address.street_2,customer_address,country,customer_address.country,0.3550,llm,REJECT,0.1000,0.0000,1.0000,1.0000,0.2000,,,,3
address,street_2,address.street_2,customer_address,is_primary,customer_address.is_primary,0.3200,llm,REJECT,0.0000,0.0000,1.0000,1.0000,0.2000,,,,4
address,street_2,address.street_2,customer_address,zip_code,customer_address.zip_code,0.1475,llm,REJECT,0.2000,0.0000,0.0000,0.2500,0.4000,,,,5
address,city,address.city,customer_address,city,customer_address.city,1.0000,fuzzy,AUTO_ACCEPT,1.0000,1.0000,1.0000,1.0000,1.0000,direct,0.95,,1
address,city,address.city,customer_address,state,customer_address.state,0.6642,llm,REJECT,0.2000,1.0000,0.8277,0.8000,1.0000,,,,2
address,city,address.city,customer_master,first_name,customer_master.first_name,0.6500,llm,REJECT,0.0000,1.0000,1.0000,1.0000,1.0000,,,,3
address,city,address.city,customer_master,last_name,customer_master.last_name,0.6500,llm,REJECT,0.0000,1.0000,1.0000,1.0000,1.0000,,,,4
address,city,address.city,customer_contact,contact_value,customer_contact.contact_value,0.4533,llm,REJECT,0.2000,0.0000,1.0000,1.0000,0.8333,,,,5
address,state,address.state,customer_address,state,customer_address.state,1.0000,fuzzy,AUTO_ACCEPT,1.0000,1.0000,1.0000,1.0000,1.0000,direct,0.95,,1
address,state,address.state,customer_address,city,customer_address.city,0.7692,llm,HUMAN_REVIEW,0.5000,1.0000,0.8277,0.8000,1.0000,,,,2
address,state,address.state,customer_contact,contact_type_cd,customer_contact.contact_type_cd,0.7352,llm,REJECT,0.5000,1.0000,0.6512,0.7500,1.0000,,,,3
address,state,address.state,customer_address,address_type_cd,customer_address.address_type_cd,0.6395,llm,REJECT,0.2000,1.0000,0.7134,0.7500,1.0000,,,,4
address,state,address.state,customer_address,country,customer_address.country,0.5625,llm,REJECT,0.5000,1.0000,0.0000,0.2500,1.0000,,,,5
address,zip_code,address.zip_code,customer_address,zip_code,customer_address.zip_code,1.0000,fuzzy,AUTO_ACCEPT,1.0000,1.0000,1.0000,1.0000,1.0000,direct,0.95,,1
address,zip_code,address.zip_code,customer_contact,contact_value,customer_contact.contact_value,0.6659,llm,REJECT,0.2000,1.0000,0.8614,0.8000,0.9667,,,,2
address,zip_code,address.zip_code,customer_address,street_1,customer_address.street_1,0.4700,llm,REJECT,0.2000,0.0000,1.0000,1.0000,1.0000,,,,3
address,zip_code,address.zip_code,customer_address,state,customer_address.state,0.4441,llm,REJECT,0.2000,0.0000,0.9609,1.0000,0.8000,,,,4
address,zip_code,address.zip_code,customer_master,email_address,customer_master.email_address,0.4000,llm,REJECT,0.0000,0.0000,1.0000,1.0000,1.0000,,,,5
subscription,subscription_id,subscription.subscription_id,service_subscription,subscription_id,service_subscription.subscription_id,1.0000,fuzzy,AUTO_ACCEPT,1.0000,1.0000,1.0000,1.0000,1.0000,direct,0.95,,1
subscription,subscription_id,subscription.subscription_id,billing_account,billing_account_id,billing_account.billing_account_id,0.8600,llm,HUMAN_REVIEW,0.6000,1.0000,1.0000,1.0000,1.0000,,,,2
subscription,subscription_id,subscription.subscription_id,customer_master,customer_id,customer_master.customer_id,0.8250,llm,HUMAN_REVIEW,0.5000,1.0000,1.0000,1.0000,1.0000,,,,3
subscription,subscription_id,subscription.subscription_id,billing_account,customer_id,billing_account.customer_id,0.8250,llm,HUMAN_REVIEW,0.5000,1.0000,1.0000,1.0000,1.0000,,,,4
subscription,subscription_id,subscription.subscription_id,customer_contact,customer_id,customer_contact.customer_id,0.8205,llm,HUMAN_REVIEW,0.5000,1.0000,0.9697,1.0000,1.0000,,,,5
subscription,party_id,subscription.party_id,customer_master,customer_id,customer_master.customer_id,0.9650,llm,AUTO_ACCEPT,0.9000,1.0000,1.0000,1.0000,1.0000,direct,1.0,,1
subscription,party_id,subscription.party_id,identity_documents,customer_id,identity_documents.customer_id,0.9650,llm,AUTO_ACCEPT,0.9000,1.0000,1.0000,1.0000,1.0000,,,,2
subscription,party_id,subscription.party_id,service_subscription,customer_id,service_subscription.customer_id,0.9650,llm,AUTO_ACCEPT,0.9000,1.0000,1.0000,1.0000,1.0000,,,,3
subscription,party_id,subscription.party_id,billing_account,customer_id,billing_account.customer_id,0.9650,llm,AUTO_ACCEPT,0.9000,1.0000,1.0000,1.0000,1.0000,,,,4
subscription,party_id,subscription.party_id,customer_contact,customer_id,customer_contact.customer_id,0.9605,llm,AUTO_ACCEPT,0.9000,1.0000,0.9697,1.0000,1.0000,,,,5
address,country_cd,address.country_cd,customer_address,country,customer_address.country,0.8250,llm,HUMAN_REVIEW,0.5000,1.0000,1.0000,1.0000,1.0000,direct,0.95,,1
address,country_cd,address.country_cd,customer_address,is_primary,customer_address.is_primary,0.8250,llm,HUMAN_REVIEW,0.5000,1.0000,1.0000,1.0000,1.0000,,,,2
address,country_cd,address.country_cd,customer_address,state,customer_address.state,0.5625,llm,REJECT,0.5000,1.0000,0.0000,0.2500,1.0000,,,,3
address,country_cd,address.country_cd,customer_address,city,customer_address.city,0.4850,llm,REJECT,0.3000,1.0000,0.0000,0.2000,1.0000,,,,4
address,country_cd,address.country_cd,customer_address,address_type_cd,customer_address.address_type_cd,0.4700,llm,REJECT,0.2000,1.0000,0.0000,0.3333,1.0000,,,,5
subscription,msisdn,subscription.msisdn,service_subscription,msisdn,service_subscription.msisdn,1.0000,fuzzy,AUTO_ACCEPT,1.0000,1.0000,1.0000,1.0000,1.0000,direct,0.95,,1
subscription,msisdn,subscription.msisdn,customer_master,email_address,customer_master.email_address,0.5750,llm,REJECT,0.5000,0.0000,1.0000,1.0000,1.0000,,,,2
subscription,msisdn,subscription.msisdn,service_subscription,customer_id,service_subscription.customer_id,0.5042,llm,REJECT,0.5000,0.0000,0.8614,0.8000,0.8000,,,,3
subscription,msisdn,subscription.msisdn,customer_contact,customer_id,customer_contact.customer_id,0.4382,llm,REJECT,0.3000,0.0000,0.8883,0.8000,0.8000,,,,4
subscription,msisdn,subscription.msisdn,customer_master,customer_id,customer_master.customer_id,0.4342,llm,REJECT,0.3000,0.0000,0.8614,0.8000,0.8000,,,,5
subscription,imsi,subscription.imsi,service_subscription,imsi,service_subscription.imsi,1.0000,fuzzy,AUTO_ACCEPT,1.0000,1.0000,1.0000,1.0000,1.0000,direct,0.95,,1
subscription,imsi,subscription.imsi,service_subscription,msisdn,service_subscription.msisdn,0.8250,llm,HUMAN_REVIEW,0.5000,1.0000,1.0000,1.0000,1.0000,,,,2
subscription,imsi,subscription.imsi,service_subscription,subscription_id,service_subscription.subscription_id,0.5042,llm,REJECT,0.5000,0.0000,0.8614,0.8000,0.8000,,,,3
subscription,imsi,subscription.imsi,billing_account,customer_id,billing_account.customer_id,0.5042,llm,REJECT,0.5000,0.0000,0.8614,0.8000,0.8000,,,,4
subscription,imsi,subscription.imsi,customer_contact,customer_id,customer_contact.customer_id,0.4032,llm,REJECT,0.2000,0.0000,0.8883,0.8000,0.8000,,,,5
subscription,sim_serial,subscription.sim_serial,service_subscription,sim_serial,service_subscription.sim_serial,1.0000,fuzzy,AUTO_ACCEPT,1.0000,1.0000,1.0000,1.0000,1.0000,direct,0.95,,1
subscription,sim_serial,subscription.sim_serial,customer_address,customer_id,customer_address.customer_id,0.8250,llm,HUMAN_REVIEW,0.5000,1.0000,1.0000,1.0000,1.0000,,,,2
subscription,sim_serial,subscription.sim_serial,identity_documents,customer_id,identity_documents.customer_id,0.8250,llm,HUMAN_REVIEW,0.5000,1.0000,1.0000,1.0000,1.0000,,,,3
subscription,sim_serial,subscription.sim_serial,service_subscription,customer_id,service_subscription.customer_id,0.8250,llm,HUMAN_REVIEW,0.5000,1.0000,1.0000,1.0000,1.0000,,,,4
subscription,sim_serial,subscription.sim_serial,service_subscription,subscription_id,service_subscription.subscription_id,0.7550,llm,HUMAN_REVIEW,0.3000,1.0000,1.0000,1.0000,1.0000,,,,5
subscription,plan_cd,subscription.plan_cd,service_subscription,plan_id,service_subscription.plan_id,0.9500,fuzzy,AUTO_ACCEPT,0.8571,1.0000,1.0000,1.0000,1.0000,direct,0.95,,1
subscription,plan_cd,subscription.plan_cd,billing_account,billing_account_id,billing_account.billing_account_id,0.5777,llm,REJECT,0.3000,1.0000,0.4182,0.4000,1.0000,,,,2
subscription,plan_cd,subscription.plan_cd,customer_master,customer_id,customer_master.customer_id,0.5427,llm,REJECT,0.2000,1.0000,0.4182,0.4000,1.0000,,,,3
subscription,plan_cd,subscription.plan_cd,customer_master,status_cd,customer_master.status_cd,0.5365,llm,REJECT,0.5000,0.0000,0.7435,1.0000,1.0000,,,,4
subscription,plan_cd,subscription.plan_cd,billing_account,account_status_cd,billing_account.account_status_cd,0.5365,llm,REJECT,0.5000,0.0000,0.7435,1.0000,1.0000,,,,5
subscription,service_status_cd,subscription.service_status_cd,service_subscription,service_status_cd,service_subscription.service_status_cd,1.0000,fuzzy,AUTO_ACCEPT,1.0000,1.0000,1.0000,1.0000,1.0000,derived,0.85,"CASE WHEN service_subscription.service_status_cd IN ('ACTIVE', 'SUSPENDED') THEN service_subscription.service_status_cd WHEN customer_master.status_cd IN ('ACTIVE', 'SUSPENDED') THEN customer_master.status_cd WHEN billing_account.account_status_cd = 'OPEN' THEN 'ACTIVE' ELSE 'SUSPENDED' END",1
subscription,service_status_cd,subscription.service_status_cd,customer_master,status_cd,customer_master.status_cd,0.9300,llm,AUTO_ACCEPT,0.8000,1.0000,1.0000,1.0000,1.0000,derived,0.85,"CASE WHEN service_subscription.service_status_cd IN ('ACTIVE', 'SUSPENDED') THEN service_subscription.service_status_cd WHEN customer_master.status_cd IN ('ACTIVE', 'SUSPENDED') THEN customer_master.status_cd WHEN billing_account.account_status_cd = 'OPEN' THEN 'ACTIVE' ELSE 'SUSPENDED' END",2
subscription,service_status_cd,subscription.service_status_cd,billing_account,account_status_cd,billing_account.account_status_cd,0.9300,llm,AUTO_ACCEPT,0.8000,1.0000,1.0000,1.0000,1.0000,derived,0.85,"CASE WHEN service_subscription.service_status_cd IN ('ACTIVE', 'SUSPENDED') THEN service_subscription.service_status_cd WHEN customer_master.status_cd IN ('ACTIVE', 'SUSPENDED') THEN customer_master.status_cd WHEN billing_account.account_status_cd = 'OPEN' THEN 'ACTIVE' ELSE 'SUSPENDED' END",3
subscription,service_status_cd,subscription.service_status_cd,customer_contact,is_primary,customer_contact.is_primary,0.7051,llm,REJECT,0.2000,1.0000,0.9004,1.0000,1.0000,,,,4
subscription,service_status_cd,subscription.service_status_cd,customer_contact,contact_type_cd,customer_contact.contact_type_cd,0.6065,llm,REJECT,0.2000,1.0000,0.5768,0.6667,1.0000,,,,5
party_account_rel,rel_id,party_account_rel.rel_id,customer_master,customer_id,customer_master.customer_id,0.8250,llm,HUMAN_REVIEW,0.5000,1.0000,1.0000,1.0000,1.0000,direct,0.95,,1
party_account_rel,rel_id,party_account_rel.rel_id,service_subscription,customer_id,service_subscription.customer_id,0.8250,llm,HUMAN_REVIEW,0.5000,1.0000,1.0000,1.0000,1.0000,,,,2
party_account_rel,rel_id,party_account_rel.rel_id,billing_account,customer_id,billing_account.customer_id,0.8250,llm,HUMAN_REVIEW,0.5000,1.0000,1.0000,1.0000,1.0000,,,,3
party_account_rel,rel_id,party_account_rel.rel_id,customer_contact,customer_id,customer_contact.customer_id,0.8205,llm,HUMAN_REVIEW,0.5000,1.0000,0.9697,1.0000,1.0000,,,,4
party_account_rel,rel_id,party_account_rel.rel_id,customer_address,customer_id,customer_address.customer_id,0.7550,llm,HUMAN_REVIEW,0.3000,1.0000,1.0000,1.0000,1.0000,,,,5
subscription,activation_dt,subscription.activation_dt,service_subscription,activation_dt,service_subscription.activation_dt,1.0000,fuzzy,AUTO_ACCEPT,1.0000,1.0000,1.0000,1.0000,1.0000,direct,0.95,,1
subscription,activation_dt,subscription.activation_dt,billing_account,open_dt,billing_account.open_dt,0.8950,llm,HUMAN_REVIEW,0.7000,1.0000,1.0000,1.0000,1.0000,,,,2
subscription,activation_dt,subscription.activation_dt,service_subscription,subscription_id,service_subscription.subscription_id,0.8250,llm,HUMAN_REVIEW,0.5000,1.0000,1.0000,1.0000,1.0000,,,,3
subscription,activation_dt,subscription.activation_dt,service_subscription,customer_id,service_subscription.customer_id,0.7200,llm,REJECT,0.2000,1.0000,1.0000,1.0000,1.0000,,,,4
subscription,activation_dt,subscription.activation_dt,customer_master,created_ts,customer_master.created_ts,0.3050,llm,REJECT,0.5000,0.0000,0.0000,0.2000,1.0000,,,,5
subscription,termination_dt,subscription.termination_dt,service_subscription,termination_dt,service_subscription.termination_dt,0.8750,fuzzy,HUMAN_REVIEW,1.0000,0.5000,1.0000,1.0000,1.0000,direct,0.95,,1
subscription,termination_dt,subscription.termination_dt,customer_master,created_ts,customer_master.created_ts,0.3800,llm,REJECT,0.3000,0.5000,1.0000,0.0000,0.0000,,,,2
subscription,termination_dt,subscription.termination_dt,billing_account,customer_id,billing_account.customer_id,0.3000,llm,REJECT,0.5000,0.5000,0.0000,0.0000,0.0000,,,,3
subscription,termination_dt,subscription.termination_dt,customer_master,customer_id,customer_master.customer_id,0.1950,llm,REJECT,0.2000,0.5000,0.0000,0.0000,0.0000,,,,4
subscription,termination_dt,subscription.termination_dt,customer_master,status_cd,customer_master.status_cd,0.1950,llm,REJECT,0.2000,0.5000,0.0000,0.0000,0.0000,,,,5
party_account_rel,party_id,party_account_rel.party_id,customer_master,customer_id,customer_master.customer_id,0.9650,llm,AUTO_ACCEPT,0.9000,1.0000,1.0000,1.0000,1.0000,direct,0.95,,1
party_account_rel,party_id,party_account_rel.party_id,customer_address,customer_id,customer_address.customer_id,0.9650,llm,AUTO_ACCEPT,0.9000,1.0000,1.0000,1.0000,1.0000,,,,2
party_account_rel,party_id,party_account_rel.party_id,identity_documents,customer_id,identity_documents.customer_id,0.9650,llm,AUTO_ACCEPT,0.9000,1.0000,1.0000,1.0000,1.0000,,,,3
party_account_rel,party_id,party_account_rel.party_id,service_subscription,customer_id,service_subscription.customer_id,0.9650,llm,AUTO_ACCEPT,0.9000,1.0000,1.0000,1.0000,1.0000,,,,4
party_account_rel,party_id,party_account_rel.party_id,billing_account,customer_id,billing_account.customer_id,0.9650,llm,AUTO_ACCEPT,0.9000,1.0000,1.0000,1.0000,1.0000,,,,5
account,billing_cycle_cd,account.billing_cycle_cd,billing_account,billing_cycle_cd,billing_account.billing_cycle_cd,1.0000,fuzzy,AUTO_ACCEPT,1.0000,1.0000,1.0000,1.0000,1.0000,direct,0.95,,1
account,billing_cycle_cd,account.billing_cycle_cd,customer_master,customer_type_cd,customer_master.customer_type_cd,0.7200,llm,REJECT,0.2000,1.0000,1.0000,1.0000,1.0000,,,,2
account,billing_cycle_cd,account.billing_cycle_cd,billing_account,payment_method_cd,billing_account.payment_method_cd,0.5750,llm,REJECT,0.5000,1.0000,0.0000,0.3333,1.0000,,,,3
account,billing_cycle_cd,account.billing_cycle_cd,customer_master,status_cd,customer_master.status_cd,0.5300,llm,REJECT,0.3000,1.0000,0.0000,0.5000,1.0000,,,,4
account,billing_cycle_cd,account.billing_cycle_cd,service_subscription,service_status_cd,service_subscription.service_status_cd,0.5300,llm,REJECT,0.3000,1.0000,0.0000,0.5000,1.0000,,,,5
account,account_id,account.account_id,identity_documents,customer_id,identity_documents.customer_id,0.8950,llm,HUMAN_REVIEW,0.7000,1.0000,1.0000,1.0000,1.0000,,,,1
account,account_id,account.account_id,customer_master,customer_id,customer_master.customer_id,0.8600,llm,HUMAN_REVIEW,0.6000,1.0000,1.0000,1.0000,1.0000,direct,0.95,,2
account,account_id,account.account_id,customer_address,customer_id,customer_address.customer_id,0.8250,llm,HUMAN_REVIEW,0.5000,1.0000,1.0000,1.0000,1.0000,,,,3
account,account_id,account.account_id,service_subscription,customer_id,service_subscription.customer_id,0.8250,llm,HUMAN_REVIEW,0.5000,1.0000,1.0000,1.0000,1.0000,,,,4
account,account_id,account.account_id,billing_account,customer_id,billing_account.customer_id,0.8250,llm,HUMAN_REVIEW,0.5000,1.0000,1.0000,1.0000,1.0000,,,,5
party_account_rel,role_cd,party_account_rel.role_cd,customer_master,customer_type_cd,customer_master.customer_type_cd,0.8250,llm,HUMAN_REVIEW,0.5000,1.0000,1.0000,1.0000,1.0000,,,,1
party_account_rel,role_cd,party_account_rel.role_cd,customer_contact,contact_type_cd,customer_contact.contact_type_cd,0.6100,llm,REJECT,0.6000,1.0000,0.0000,0.3333,1.0000,derived,0.85,CASE WHEN service_subscription.service_status_cd = 'ACTIVE' THEN 'ACTIVE' WHEN service_subscription.service_status_cd = 'SUSPENDED' THEN 'SUSPENDED' ELSE 'UNKNOWN' END || '-' || customer_contact.contact_type_cd,2
party_account_rel,role_cd,party_account_rel.role_cd,service_subscription,service_status_cd,service_subscription.service_status_cd,0.6000,llm,REJECT,0.5000,1.0000,0.0000,0.5000,1.0000,derived,0.85,CASE WHEN service_subscription.service_status_cd = 'ACTIVE' THEN 'ACTIVE' WHEN service_subscription.service_status_cd = 'SUSPENDED' THEN 'SUSPENDED' ELSE 'UNKNOWN' END || '-' || customer_contact.contact_type_cd,3
party_account_rel,role_cd,party_account_rel.role_cd,customer_master,status_cd,customer_master.status_cd,0.5300,llm,REJECT,0.3000,1.0000,0.0000,0.5000,1.0000,,,,4
party_account_rel,role_cd,party_account_rel.role_cd,billing_account,account_status_cd,billing_account.account_status_cd,0.5300,llm,REJECT,0.3000,1.0000,0.0000,0.5000,1.0000,,,,5
party_account_rel,account_id,party_account_rel.account_id,service_subscription,customer_id,service_subscription.customer_id,0.8950,llm,HUMAN_REVIEW,0.7000,1.0000,1.0000,1.0000,1.0000,direct,0.95,,1
party_account_rel,account_id,party_account_rel.account_id,billing_account,customer_id,billing_account.customer_id,0.8950,llm,HUMAN_REVIEW,0.7000,1.0000,1.0000,1.0000,1.0000,,,,2
party_account_rel,account_id,party_account_rel.account_id,customer_master,customer_id,customer_master.customer_id,0.8600,llm,HUMAN_REVIEW,0.6000,1.0000,1.0000,1.0000,1.0000,,,,3
party_account_rel,account_id,party_account_rel.account_id,identity_documents,customer_id,identity_documents.customer_id,0.8600,llm,HUMAN_REVIEW,0.6000,1.0000,1.0000,1.0000,1.0000,,,,4
party_account_rel,account_id,party_account_rel.account_id,customer_address,customer_id,customer_address.customer_id,0.8250,llm,HUMAN_REVIEW,0.5000,1.0000,1.0000,1.0000,1.0000,,,,5
account,payment_method_cd,account.payment_method_cd,billing_account,payment_method_cd,billing_account.payment_method_cd,1.0000,fuzzy,AUTO_ACCEPT,1.0000,1.0000,1.0000,1.0000,1.0000,derived,0.85,CASE WHEN billing_account.payment_method_cd IS NOT NULL THEN billing_account.payment_method_cd ELSE payment_method_lookup.payment_method_cd END,1
account,payment_method_cd,account.payment_method_cd,payment_method_lookup,payment_method_cd,payment_method_lookup.payment_method_cd,0.9940,fuzzy,AUTO_ACCEPT,1.0000,1.0000,0.9602,1.0000,1.0000,derived,0.85,CASE WHEN billing_account.payment_method_cd IS NOT NULL THEN billing_account.payment_method_cd ELSE payment_method_lookup.payment_method_cd END,2
account,payment_method_cd,account.payment_method_cd,customer_master,status_cd,customer_master.status_cd,0.5912,llm,REJECT,0.2000,1.0000,0.4743,0.6667,1.0000,,,,3
account,payment_method_cd,account.payment_method_cd,customer_master,customer_type_cd,customer_master.customer_type_cd,0.5750,llm,REJECT,0.5000,1.0000,0.0000,0.3333,1.0000,,,,4
account,payment_method_cd,account.payment_method_cd,billing_account,billing_cycle_cd,billing_account.billing_cycle_cd,0.4700,llm,REJECT,0.2000,1.0000,0.0000,0.3333,1.0000,,,,5
account,account_status_cd,account.account_status_cd,billing_account,account_status_cd,billing_account.account_status_cd,1.0000,fuzzy,AUTO_ACCEPT,1.0000,1.0000,1.0000,1.0000,1.0000,derived,0.85,CASE WHEN billing_account.account_status_cd = 'OPEN' THEN 'OPEN' WHEN service_subscription.service_status_cd = 'ACTIVE' THEN 'OPEN' ELSE 'SUSPENDED' END,1
account,account_status_cd,account.account_status_cd,customer_master,status_cd,customer_master.status_cd,0.9300,llm,AUTO_ACCEPT,0.8000,1.0000,1.0000,1.0000,1.0000,,,,2
account,account_status_cd,account.account_status_cd,service_subscription,service_status_cd,service_subscription.service_status_cd,0.8950,llm,HUMAN_REVIEW,0.7000,1.0000,1.0000,1.0000,1.0000,derived,0.85,CASE WHEN billing_account.account_status_cd = 'OPEN' THEN 'OPEN' WHEN service_subscription.service_status_cd = 'ACTIVE' THEN 'OPEN' ELSE 'SUSPENDED' END,3
account,account_status_cd,account.account_status_cd,customer_status_lookup,status_cd,customer_status_lookup.status_cd,0.7983,llm,HUMAN_REVIEW,0.8000,1.0000,0.4555,0.6667,1.0000,,,,4
account,account_status_cd,account.account_status_cd,customer_status_lookup,status_desc,customer_status_lookup.status_desc,0.7633,llm,HUMAN_REVIEW,0.7000,1.0000,0.4555,0.6667,1.0000,,,,5
account,credit_limit,account.credit_limit,invoice_header,total_amount,invoice_header.total_amount,0.6992,llm,REJECT,0.3000,1.0000,0.8277,0.8000,1.0000,,,,1
account,credit_limit,account.credit_limit,credit_class_lookup,credit_limit,credit_class_lookup.credit_limit,0.5750,fuzzy,REJECT,1.0000,0.5000,0.0000,0.0000,1.0000,derived,0.95,"CAST(credit_class_lookup.credit_limit AS DECIMAL(10, 2))",2
account,credit_limit,account.credit_limit,service_subscription,plan_id,service_subscription.plan_id,0.4258,llm,REJECT,0.5000,0.0000,0.5052,0.5000,1.0000,,,,3
account,credit_limit,account.credit_limit,billing_account,payment_method_cd,billing_account.payment_method_cd,0.4013,llm,REJECT,0.2000,0.0000,0.7919,0.7500,1.0000,,,,4
account,credit_limit,account.credit_limit,billing_account,credit_class_cd,billing_account.credit_class_cd,0.4013,llm,REJECT,0.2000,0.0000,0.7919,0.7500,1.0000,,,,5
account,credit_risk_cd,account.credit_risk_cd,billing_account,credit_class_cd,billing_account.credit_class_cd,0.8263,llm,HUMAN_REVIEW,0.7000,1.0000,0.7919,0.7500,1.0000,conditional,0.85,CASE WHEN billing_account.credit_class_cd = 'LOW' THEN 'LOW' WHEN billing_account.credit_class_cd = 'MEDIUM' THEN 'MEDIUM' WHEN billing_account.credit_class_cd = 'HIGH' THEN 'HIGH' ELSE 'UNKNOWN' END,1
account,credit_risk_cd,account.credit_risk_cd,identity_documents,verification_flag,identity_documents.verification_flag,0.6758,llm,REJECT,0.5000,1.0000,0.5052,0.5000,1.0000,conditional,0.85,CASE WHEN billing_account.credit_class_cd = 'LOW' THEN 'LOW' WHEN billing_account.credit_class_cd = 'MEDIUM' THEN 'MEDIUM' WHEN billing_account.credit_class_cd = 'HIGH' THEN 'HIGH' ELSE 'UNKNOWN' END,2
account,credit_risk_cd,account.credit_risk_cd,billing_account,account_status_cd,billing_account.account_status_cd,0.6563,llm,REJECT,0.5000,1.0000,0.3756,0.5000,1.0000,conditional,0.85,CASE WHEN billing_account.credit_class_cd = 'LOW' THEN 'LOW' WHEN billing_account.credit_class_cd = 'MEDIUM' THEN 'MEDIUM' WHEN billing_account.credit_class_cd = 'HIGH' THEN 'HIGH' ELSE 'UNKNOWN' END,3
account,credit_risk_cd,account.credit_risk_cd,customer_contact,contact_type_cd,customer_contact.contact_type_cd,0.6302,llm,REJECT,0.2000,1.0000,0.6512,0.7500,1.0000,,,,4
account,credit_risk_cd,account.credit_risk_cd,customer_master,status_cd,customer_master.status_cd,0.5863,llm,REJECT,0.3000,1.0000,0.3756,0.5000,1.0000,,,,5
account,open_dt,account.open_dt,billing_account,open_dt,billing_account.open_dt,1.0000,fuzzy,AUTO_ACCEPT,1.0000,1.0000,1.0000,1.0000,1.0000,derived,0.85,"COALESCE(billing_account.open_dt, service_subscription.activation_dt)",1
account,open_dt,account.open_dt,service_subscription,activation_dt,service_subscription.activation_dt,0.8950,llm,HUMAN_REVIEW,0.7000,1.0000,1.0000,1.0000,1.0000,derived,0.85,"COALESCE(billing_account.open_dt, service_subscription.activation_dt)",2
account,open_dt,account.open_dt,customer_master,date_of_birth,customer_master.date_of_birth,0.6492,llm,REJECT,0.2000,1.0000,0.8614,0.8000,0.8000,,,,3
account,open_dt,account.open_dt,invoice_header,invoice_dt,invoice_header.invoice_dt,0.5550,llm,REJECT,0.5000,1.0000,0.0000,0.2000,1.0000,,,,4
account,open_dt,account.open_dt,invoice_header,due_dt,invoice_header.due_dt,0.5550,llm,REJECT,0.5000,1.0000,0.0000,0.2000,1.0000,,,,5
kyc_verification,party_id,kyc_verification.party_id,customer_master,customer_id,customer_master.customer_id,0.9650,llm,AUTO_ACCEPT,0.9000,1.0000,1.0000,1.0000,1.0000,direct,0.95,,1
kyc_verification,party_id,kyc_verification.party_id,identity_documents,customer_id,identity_documents.customer_id,0.9650,llm,AUTO_ACCEPT,0.9000,1.0000,1.0000,1.0000,1.0000,,,,2
kyc_verification,party_id,kyc_verification.party_id,service_subscription,customer_id,service_subscription.customer_id,0.9650,llm,AUTO_ACCEPT,0.9000,1.0000,1.0000,1.0000,1.0000,,,,3
kyc_verification,party_id,kyc_verification.party_id,billing_account,customer_id,billing_account.customer_id,0.9650,llm,AUTO_ACCEPT,0.9000,1.0000,1.0000,1.0000,1.0000,,,,4
kyc_verification,party_id,kyc_verification.party_id,customer_contact,customer_id,customer_contact.customer_id,0.9605,llm,AUTO_ACCEPT,0.9000,1.0000,0.9697,1.0000,1.0000,,,,5
account,close_dt,account.close_dt,billing_account,close_dt,billing_account.close_dt,0.8750,fuzzy,HUMAN_REVIEW,1.0000,0.5000,1.0000,1.0000,1.0000,derived,0.85,"COALESCE(billing_account.close_dt, service_subscription.termination_dt)",1
account,close_dt,account.close_dt,service_subscription,termination_dt,service_subscription.termination_dt,0.7700,llm,HUMAN_REVIEW,0.7000,0.5000,1.0000,1.0000,1.0000,derived,0.85,"COALESCE(billing_account.close_dt, service_subscription.termination_dt)",2
account,close_dt,account.close_dt,customer_master,updated_ts,customer_master.updated_ts,0.7000,llm,REJECT,0.5000,0.5000,1.0000,1.0000,1.0000,,,,3
account,close_dt,account.close_dt,customer_master,created_ts,customer_master.created_ts,0.5200,llm,REJECT,0.7000,0.5000,1.0000,0.0000,0.0000,,,,4
account,close_dt,account.close_dt,invoice_header,due_dt,invoice_header.due_dt,0.5200,llm,REJECT,0.7000,0.5000,1.0000,0.0000,0.0000,,,,5
kyc_verification,kyc_id,kyc_verification.kyc_id,billing_account,customer_id,billing_account.customer_id,0.8600,llm,HUMAN_REVIEW,0.6000,1.0000,1.0000,1.0000,1.0000,direct,0.95,,1
kyc_verification,kyc_id,kyc_verification.kyc_id,identity_documents,customer_id,identity_documents.customer_id,0.8250,llm,HUMAN_REVIEW,0.5000,1.0000,1.0000,1.0000,1.0000,,,,2
kyc_verification,kyc_id,kyc_verification.kyc_id,service_subscription,customer_id,service_subscription.customer_id,0.8250,llm,HUMAN_REVIEW,0.5000,1.0000,1.0000,1.0000,1.0000,,,,3
kyc_verification,kyc_id,kyc_verification.kyc_id,customer_contact,customer_id,customer_contact.customer_id,0.8205,llm,HUMAN_REVIEW,0.5000,1.0000,0.9697,1.0000,1.0000,,,,4
kyc_verification,kyc_id,kyc_verification.kyc_id,customer_master,customer_id,customer_master.customer_id,0.7900,llm,HUMAN_REVIEW,0.4000,1.0000,1.0000,1.0000,1.0000,,,,5
kyc_verification,doc_type_cd,kyc_verification.doc_type_cd,identity_documents,doc_type_cd,identity_documents.doc_type_cd,1.0000,fuzzy,AUTO_ACCEPT,1.0000,1.0000,1.0000,1.0000,1.0000,derived,0.85,"CASE WHEN identity_documents.doc_type_cd IN ('SSN', 'PASSPORT', 'DL') THEN identity_documents.doc_type_cd ELSE NULL END",1
kyc_verification,doc_type_cd,kyc_verification.doc_type_cd,customer_address,address_type_cd,customer_address.address_type_cd,0.8250,llm,HUMAN_REVIEW,0.5000,1.0000,1.0000,1.0000,1.0000,,,,2
kyc_verification,doc_type_cd,kyc_verification.doc_type_cd,customer_contact,contact_type_cd,customer_contact.contact_type_cd,0.7419,llm,REJECT,0.3000,1.0000,0.9129,1.0000,1.0000,,,,3
kyc_verification,doc_type_cd,kyc_verification.doc_type_cd,customer_master,gender_code,customer_master.gender_code,0.6094,llm,REJECT,0.2000,1.0000,0.7294,0.6667,0.8000,,,,4
kyc_verification,doc_type_cd,kyc_verification.doc_type_cd,customer_master,status_cd,customer_master.status_cd,0.5990,llm,REJECT,0.2000,1.0000,0.5265,0.6667,1.0000,,,,5
kyc_verification,doc_number,kyc_verification.doc_number,identity_documents,doc_number,identity_documents.doc_number,1.0000,fuzzy,AUTO_ACCEPT,1.0000,1.0000,1.0000,1.0000,1.0000,derived,0.85,CASE WHEN identity_documents.doc_number IS NOT NULL THEN identity_documents.doc_number ELSE identity_documents.doc_id END,1
kyc_verification,doc_number,kyc_verification.doc_number,identity_documents,doc_id,identity_documents.doc_id,0.9300,llm,AUTO_ACCEPT,0.8000,1.0000,1.0000,1.0000,1.0000,derived,0.85,CASE WHEN identity_documents.doc_number IS NOT NULL THEN identity_documents.doc_number ELSE identity_documents.doc_id END,2
kyc_verification,doc_number,kyc_verification.doc_number,customer_master,customer_id,customer_master.customer_id,0.7200,llm,REJECT,0.2000,1.0000,1.0000,1.0000,1.0000,,,,3
kyc_verification,doc_number,kyc_verification.doc_number,customer_address,customer_id,customer_address.customer_id,0.7200,llm,REJECT,0.2000,1.0000,1.0000,1.0000,1.0000,,,,4
kyc_verification,doc_number,kyc_verification.doc_number,service_subscription,customer_id,service_subscription.customer_id,0.7200,llm,REJECT,0.2000,1.0000,1.0000,1.0000,1.0000,,,,5
kyc_verification,verification_status_cd,kyc_verification.verification_status_cd,customer_status_lookup,status_cd,customer_status_lookup.status_cd,0.8747,llm,HUMAN_REVIEW,0.7000,1.0000,0.8650,1.0000,1.0000,derived,0.85,CASE WHEN identity_documents.verification_flag = 'Y' THEN 'verified' WHEN identity_documents.verification_flag = 'N' THEN 'rejected' ELSE 'pending' END,1
kyc_verification,verification_status_cd,kyc_verification.verification_status_cd,customer_master,status_cd,customer_master.status_cd,0.7740,llm,HUMAN_REVIEW,0.7000,1.0000,0.5265,0.6667,1.0000,,,,2
kyc_verification,verification_status_cd,kyc_verification.verification_status_cd,identity_documents,verification_flag,identity_documents.verification_flag,0.7312,llm,REJECT,0.5000,1.0000,0.7082,0.6667,1.0000,derived,0.85,CASE WHEN identity_documents.verification_flag = 'Y' THEN 'verified' WHEN identity_documents.verification_flag = 'N' THEN 'rejected' ELSE 'pending' END,3
kyc_verification,verification_status_cd,kyc_verification.verification_status_cd,service_subscription,service_status_cd,service_subscription.service_status_cd,0.7040,llm,REJECT,0.5000,1.0000,0.5265,0.6667,1.0000,,,,4
kyc_verification,verification_status_cd,kyc_verification.verification_status_cd,billing_account,account_status_cd,billing_account.account_status_cd,0.7040,llm,REJECT,0.5000,1.0000,0.5265,0.6667,1.0000,,,,5
kyc_verification,verified_ts,kyc_verification.verified_ts,identity_documents,verified_ts,identity_documents.verified_ts,1.0000,fuzzy,AUTO_ACCEPT,1.0000,1.0000,1.0000,1.0000,1.0000,direct,0.95,,1
kyc_verification,verified_ts,kyc_verification.verified_ts,customer_master,created_ts,customer_master.created_ts,0.8550,llm,HUMAN_REVIEW,0.7000,1.0000,1.0000,1.0000,0.6000,,,,2
kyc_verification,verified_ts,kyc_verification.verified_ts,customer_master,updated_ts,customer_master.updated_ts,0.4900,llm,REJECT,0.5000,0.5000,1.0000,0.0000,0.4000,,,,3
kyc_verification,verified_ts,kyc_verification.verified_ts,customer_master,customer_id,customer_master.customer_id,0.2650,llm,REJECT,0.5000,0.0000,0.0000,0.2000,0.6000,,,,4
kyc_verification,verified_ts,kyc_verification.verified_ts,customer_master,status_cd,customer_master.status_cd,0.2050,llm,REJECT,0.2000,0.0000,0.0000,0.5000,0.6000,,,,5
gender_dim,gender_cd,gender_dim.gender_cd,gender_lookup,gender_code,gender_lookup.gender_code,0.7150,fuzzy,REJECT,0.9000,0.0000,1.0000,1.0000,1.0000,derived,0.85,CASE WHEN gender_lookup.gender_code IS NOT NULL THEN gender_lookup.gender_code ELSE customer_master.gender_code END,1
gender_dim,gender_cd,gender_dim.gender_cd,gender_lookup,gender_desc,gender_lookup.gender_desc,0.6800,llm,REJECT,0.8000,0.0000,1.0000,1.0000,1.0000,,,,2
gender_dim,gender_cd,gender_dim.gender_cd,customer_master,gender_code,customer_master.gender_code,0.5896,fuzzy,REJECT,0.9000,0.0000,0.6309,0.6667,0.8000,derived,0.85,CASE WHEN gender_lookup.gender_code IS NOT NULL THEN gender_lookup.gender_code ELSE customer_master.gender_code END,3
gender_dim,gender_cd,gender_dim.gender_cd,customer_master,email_address,customer_master.email_address,0.4864,llm,REJECT,0.5000,0.0000,0.7925,0.7500,0.8000,,,,4
gender_dim,gender_cd,gender_dim.gender_cd,customer_master,last_name,customer_master.last_name,0.4674,llm,REJECT,0.5000,0.0000,0.6826,0.6000,1.0000,,,,5
gender_dim,gender_desc,gender_dim.gender_desc,gender_lookup,gender_desc,gender_lookup.gender_desc,1.0000,fuzzy,AUTO_ACCEPT,1.0000,1.0000,1.0000,1.0000,1.0000,derived,0.95,CASE gender_lookup.gender_code WHEN 'M' THEN 'Male' WHEN 'F' THEN 'Female' WHEN 'O' THEN 'Other' END,1
gender_dim,gender_desc,gender_dim.gender_desc,gender_lookup,gender_code,gender_lookup.gender_code,0.8250,llm,HUMAN_REVIEW,0.5000,1.0000,1.0000,1.0000,1.0000,derived,0.95,CASE gender_lookup.gender_code WHEN 'M' THEN 'Male' WHEN 'F' THEN 'Female' WHEN 'O' THEN 'Other' END,2
gender_dim,gender_desc,gender_dim.gender_desc,customer_master,last_name,customer_master.last_name,0.7174,llm,REJECT,0.5000,1.0000,0.6826,0.6000,1.0000,,,,3
gender_dim,gender_desc,gender_dim.gender_desc,customer_master,gender_code,customer_master.gender_code,0.6996,llm,REJECT,0.5000,1.0000,0.6309,0.6667,0.8000,,,,4
gender_dim,gender_desc,gender_dim.gender_desc,customer_master,first_name,customer_master.first_name,0.6124,llm,REJECT,0.2000,1.0000,0.6826,0.6000,1.0000,,,,5
party_type_lookup,party_type_cd,party_type_lookup.party_type_cd,service_subscription,service_status_cd,service_subscription.service_status_cd,0.7833,llm,HUMAN_REVIEW,0.5000,1.0000,0.7219,1.0000,1.0000,conditional,0.85,"CASE WHEN service_subscription.service_status_cd IN ('ACTIVE', 'SUSPENDED') THEN 'ACTIVE' ELSE customer_contact.contact_type_cd END",1
party_type_lookup,party_type_cd,party_type_lookup.party_type_cd,customer_contact,contact_type_cd,customer_contact.contact_type_cd,0.7798,llm,HUMAN_REVIEW,0.6000,1.0000,0.7990,0.6667,1.0000,conditional,0.85,"CASE WHEN service_subscription.service_status_cd IN ('ACTIVE', 'SUSPENDED') THEN 'ACTIVE' ELSE customer_contact.contact_type_cd END",2
party_type_lookup,party_type_cd,party_type_lookup.party_type_cd,contact_type_lookup,contact_type_cd,contact_type_lookup.contact_type_cd,0.7546,llm,HUMAN_REVIEW,0.6000,1.0000,0.6309,0.6667,1.0000,,,,3
party_type_lookup,party_type_cd,party_type_lookup.party_type_cd,customer_master,status_cd,customer_master.status_cd,0.7133,llm,REJECT,0.3000,1.0000,0.7219,1.0000,1.0000,,,,4
party_type_lookup,party_type_cd,party_type_lookup.party_type_cd,customer_address,address_type_cd,customer_address.address_type_cd,0.6644,llm,REJECT,0.3000,1.0000,0.7294,0.6667,1.0000,,,,5
id_type_lookup,id_type_cd,id_type_lookup.id_type_cd,identity_documents,doc_type_cd,identity_documents.doc_type_cd,0.9297,fuzzy,AUTO_ACCEPT,0.8571,1.0000,0.8650,1.0000,1.0000,derived,0.95,"CASE WHEN identity_documents.doc_type_cd IN ('SSN', 'PASSPORT', 'DL') THEN identity_documents.doc_type_cd ELSE NULL END",1
id_type_lookup,id_type_cd,id_type_lookup.id_type_cd,gender_lookup,gender_code,gender_lookup.gender_code,0.8250,llm,HUMAN_REVIEW,0.5000,1.0000,1.0000,1.0000,1.0000,,,,2
id_type_lookup,id_type_cd,id_type_lookup.id_type_cd,payment_method_lookup,payment_method_cd,payment_method_lookup.payment_method_cd,0.8250,llm,HUMAN_REVIEW,0.5000,1.0000,1.0000,1.0000,1.0000,,,,3
id_type_lookup,id_type_cd,id_type_lookup.id_type_cd,customer_contact,contact_type_cd,customer_contact.contact_type_cd,0.7934,llm,HUMAN_REVIEW,0.5000,1.0000,0.7897,1.0000,1.0000,,,,4
id_type_lookup,id_type_cd,id_type_lookup.id_type_cd,address_type_lookup,address_type_cd,address_type_lookup.address_type_cd,0.7550,llm,HUMAN_REVIEW,0.3000,1.0000,1.0000,1.0000,1.0000,,,,5
party_type_lookup,party_type_desc,party_type_lookup.party_type_desc,customer_address,address_type_cd,customer_address.address_type_cd,0.7344,llm,REJECT,0.5000,1.0000,0.7294,0.6667,1.0000,derived,0.85,"CASE WHEN customer_address.address_type_cd IN ('HOME', 'OFFICE') THEN 'Residential' WHEN customer_address.address_type_cd = 'BILLING' THEN 'Billing' ELSE 'Other' END",1
party_type_lookup,party_type_desc,party_type_lookup.party_type_desc,payment_method_lookup,payment_method_cd,payment_method_lookup.payment_method_cd,0.7196,llm,REJECT,0.5000,1.0000,0.6309,0.6667,1.0000,,,,2
party_type_lookup,party_type_desc,party_type_lookup.party_type_desc,billing_account,account_status_cd,billing_account.account_status_cd,0.6783,llm,REJECT,0.2000,1.0000,0.7219,1.0000,1.0000,derived,0.85,"CASE WHEN customer_address.address_type_cd IN ('HOME', 'OFFICE') THEN 'Residential' WHEN customer_address.address_type_cd = 'BILLING' THEN 'Billing' ELSE 'Other' END",3
party_type_lookup,party_type_desc,party_type_lookup.party_type_desc,customer_contact,contact_type_cd,customer_contact.contact_type_cd,0.6748,llm,REJECT,0.3000,1.0000,0.7990,0.6667,1.0000,,,,4
party_type_lookup,party_type_desc,party_type_lookup.party_type_desc,gender_lookup,gender_code,gender_lookup.gender_code,0.6146,llm,REJECT,0.2000,1.0000,0.6309,0.6667,1.0000,,,,5
plan_dim,plan_cd,plan_dim.plan_cd,plan_master,plan_id,plan_master.plan_id,0.8250,fuzzy,HUMAN_REVIEW,0.8571,0.5000,1.0000,1.0000,1.0000,derived,0.75,"CASE WHEN plan_master.plan_type = 'Premium' THEN CONCAT(plan_master.plan_id, '-P') WHEN plan_master.plan_type = 'Basic' THEN CONCAT(plan_master.plan_id, '-B') ELSE plan_master.plan_id END",1
plan_dim,plan_cd,plan_dim.plan_cd,plan_master,plan_name,plan_master.plan_name,0.7700,llm,HUMAN_REVIEW,0.7000,0.5000,1.0000,1.0000,1.0000,derived,0.75,"CASE WHEN plan_master.plan_type = 'Premium' THEN CONCAT(plan_master.plan_id, '-P') WHEN plan_master.plan_type = 'Basic' THEN CONCAT(plan_master.plan_id, '-B') ELSE plan_master.plan_id END",2
plan_dim,plan_cd,plan_dim.plan_cd,plan_master,plan_type,plan_master.plan_type,0.7000,llm,REJECT,0.5000,0.5000,1.0000,1.0000,1.0000,derived,0.75,"CASE WHEN plan_master.plan_type = 'Premium' THEN CONCAT(plan_master.plan_id, '-P') WHEN plan_master.plan_type = 'Basic' THEN CONCAT(plan_master.plan_id, '-B') ELSE plan_master.plan_id END",3
plan_dim,plan_cd,plan_dim.plan_cd,customer_master,customer_type_cd,customer_master.customer_type_cd,0.5500,llm,REJECT,0.5000,0.5000,1.0000,0.0000,1.0000,,,,4
plan_dim,plan_cd,plan_dim.plan_cd,billing_account,billing_cycle_cd,billing_account.billing_cycle_cd,0.5500,llm,REJECT,0.5000,0.5000,1.0000,0.0000,1.0000,,,,5
address_role_lookup,address_role_desc,address_role_lookup.address_role_desc,address_type_lookup,address_type_cd,address_type_lookup.address_type_cd,0.9300,llm,AUTO_ACCEPT,0.8000,1.0000,1.0000,1.0000,1.0000,,,,1
address_role_lookup,address_role_desc,address_role_lookup.address_role_desc,customer_address,address_type_cd,customer_address.address_type_cd,0.9097,llm,AUTO_ACCEPT,0.8000,1.0000,0.8650,1.0000,1.0000,derived,0.85,CASE customer_address.address_type_cd WHEN 'HOME' THEN 'Home Address' WHEN 'BILLING' THEN 'Billing Address' WHEN 'OFFICE' THEN 'Office Address' END,2
address_role_lookup,address_role_desc,address_role_lookup.address_role_desc,address_type_lookup,address_type_desc,address_type_lookup.address_type_desc,0.8250,llm,HUMAN_REVIEW,0.5000,1.0000,1.0000,1.0000,1.0000,derived,0.85,CASE customer_address.address_type_cd WHEN 'HOME' THEN 'Home Address' WHEN 'BILLING' THEN 'Billing Address' WHEN 'OFFICE' THEN 'Office Address' END,3
address_role_lookup,address_role_desc,address_role_lookup.address_role_desc,customer_contact,contact_type_cd,customer_contact.contact_type_cd,0.7234,llm,REJECT,0.3000,1.0000,0.7897,1.0000,1.0000,,,,4
address_role_lookup,address_role_desc,address_role_lookup.address_role_desc,customer_address,state,customer_address.state,0.6562,llm,REJECT,0.2000,1.0000,0.8247,0.7500,1.0000,,,,5
id_type_lookup,id_type_desc,id_type_lookup.id_type_desc,customer_status_lookup,status_cd,customer_status_lookup.status_cd,0.8250,llm,HUMAN_REVIEW,0.5000,1.0000,1.0000,1.0000,1.0000,derived,0.85,CASE WHEN customer_status_lookup.status_cd = 'ACTIVE' THEN 'Active Customer' WHEN customer_status_lookup.status_cd = 'SUSPENDED' THEN 'Suspended Customer' WHEN customer_status_lookup.status_cd = 'CLOSED' THEN 'Closed Customer' ELSE contact_type_lookup.contact_type_desc END,1
id_type_lookup,id_type_desc,id_type_lookup.id_type_desc,contact_type_lookup,contact_type_cd,contact_type_lookup.contact_type_cd,0.8250,llm,HUMAN_REVIEW,0.5000,1.0000,1.0000,1.0000,1.0000,,,,2
id_type_lookup,id_type_desc,id_type_lookup.id_type_desc,contact_type_lookup,contact_type_desc,contact_type_lookup.contact_type_desc,0.8250,llm,HUMAN_REVIEW,0.5000,1.0000,1.0000,1.0000,1.0000,derived,0.85,CASE WHEN customer_status_lookup.status_cd = 'ACTIVE' THEN 'Active Customer' WHEN customer_status_lookup.status_cd = 'SUSPENDED' THEN 'Suspended Customer' WHEN customer_status_lookup.status_cd = 'CLOSED' THEN 'Closed Customer' ELSE contact_type_lookup.contact_type_desc END,3
id_type_lookup,id_type_desc,id_type_lookup.id_type_desc,address_type_lookup,address_type_cd,address_type_lookup.address_type_cd,0.8250,llm,HUMAN_REVIEW,0.5000,1.0000,1.0000,1.0000,1.0000,,,,4
id_type_lookup,id_type_desc,id_type_lookup.id_type_desc,identity_documents,doc_type_cd,identity_documents.doc_type_cd,0.8047,llm,HUMAN_REVIEW,0.5000,1.0000,0.8650,1.0000,1.0000,,,,5
address_role_lookup,address_role_cd,address_role_lookup.address_role_cd,address_type_lookup,address_type_cd,address_type_lookup.address_type_cd,0.9300,llm,AUTO_ACCEPT,0.8000,1.0000,1.0000,1.0000,1.0000,derived,0.85,"CASE WHEN address_type_lookup.address_type_cd IN ('HOME', 'BILLING', 'OFFICE') THEN address_type_lookup.address_type_cd WHEN customer_address.address_type_cd IN ('HOME', 'BILLING', 'OFFICE') THEN customer_address.address_type_cd WHEN customer_contact.contact_type_cd IN ('HOME', 'BILLING', 'OFFICE') THEN customer_contact.contact_type_cd END",1
address_role_lookup,address_role_cd,address_role_lookup.address_role_cd,customer_address,address_type_cd,customer_address.address_type_cd,0.9097,llm,AUTO_ACCEPT,0.8000,1.0000,0.8650,1.0000,1.0000,derived,0.85,"CASE WHEN address_type_lookup.address_type_cd IN ('HOME', 'BILLING', 'OFFICE') THEN address_type_lookup.address_type_cd WHEN customer_address.address_type_cd IN ('HOME', 'BILLING', 'OFFICE') THEN customer_address.address_type_cd WHEN customer_contact.contact_type_cd IN ('HOME', 'BILLING', 'OFFICE') THEN customer_contact.contact_type_cd END",2
address_role_lookup,address_role_cd,address_role_lookup.address_role_cd,customer_contact,contact_type_cd,customer_contact.contact_type_cd,0.7934,llm,HUMAN_REVIEW,0.5000,1.0000,0.7897,1.0000,1.0000,derived,0.85,"CASE WHEN address_type_lookup.address_type_cd IN ('HOME', 'BILLING', 'OFFICE') THEN address_type_lookup.address_type_cd WHEN customer_address.address_type_cd IN ('HOME', 'BILLING', 'OFFICE') THEN customer_address.address_type_cd WHEN customer_contact.contact_type_cd IN ('HOME', 'BILLING', 'OFFICE') THEN customer_contact.contact_type_cd END",3
address_role_lookup,address_role_cd,address_role_lookup.address_role_cd,gender_lookup,gender_code,gender_lookup.gender_code,0.7200,llm,REJECT,0.2000,1.0000,1.0000,1.0000,1.0000,,,,4
address_role_lookup,address_role_cd,address_role_lookup.address_role_cd,payment_method_lookup,payment_method_cd,payment_method_lookup.payment_method_cd,0.7200,llm,REJECT,0.2000,1.0000,1.0000,1.0000,1.0000,,,,5
payment_method_dim,payment_method_cd,payment_method_dim.payment_method_cd,payment_method_lookup,payment_method_cd,payment_method_lookup.payment_method_cd,0.9314,fuzzy,AUTO_ACCEPT,1.0000,1.0000,0.7925,0.7500,1.0000,derived,0.85,CASE WHEN payment_method_lookup.payment_method_cd IS NOT NULL THEN payment_method_lookup.payment_method_cd ELSE billing_account.payment_method_cd END,1
payment_method_dim,payment_method_cd,payment_method_dim.payment_method_cd,billing_account,payment_method_cd,billing_account.payment_method_cd,0.9266,fuzzy,AUTO_ACCEPT,1.0000,1.0000,0.7610,0.7500,1.0000,derived,0.85,CASE WHEN payment_method_lookup.payment_method_cd IS NOT NULL THEN payment_method_lookup.payment_method_cd ELSE billing_account.payment_method_cd END,2
payment_method_dim,payment_method_cd,payment_method_dim.payment_method_cd,customer_status_lookup,status_cd,customer_status_lookup.status_cd,0.6864,llm,REJECT,0.3000,1.0000,0.7925,0.7500,1.0000,,,,3
payment_method_dim,payment_method_cd,payment_method_dim.payment_method_cd,identity_documents,doc_type_cd,identity_documents.doc_type_cd,0.6353,llm,REJECT,0.2000,1.0000,0.6855,0.7500,1.0000,,,,4
payment_method_dim,payment_method_cd,payment_method_dim.payment_method_cd,customer_contact,contact_type_cd,customer_contact.contact_type_cd,0.6264,llm,REJECT,0.2000,1.0000,0.6258,0.7500,1.0000,,,,5
plan_dim,plan_name,plan_dim.plan_name,plan_master,plan_name,plan_master.plan_name,0.8750,fuzzy,HUMAN_REVIEW,1.0000,0.5000,1.0000,1.0000,1.0000,direct,1.0,,1
plan_dim,plan_name,plan_dim.plan_name,plan_master,plan_type,plan_master.plan_type,0.7350,llm,REJECT,0.6000,0.5000,1.0000,1.0000,1.0000,,,,2
plan_dim,plan_name,plan_dim.plan_name,plan_master,plan_id,plan_master.plan_id,0.5950,llm,REJECT,0.2000,0.5000,1.0000,1.0000,1.0000,,,,3
plan_dim,plan_name,plan_dim.plan_name,customer_master,customer_type_cd,customer_master.customer_type_cd,0.4450,llm,REJECT,0.2000,0.5000,1.0000,0.0000,1.0000,,,,4
plan_dim,plan_name,plan_dim.plan_name,billing_account,billing_cycle_cd,billing_account.billing_cycle_cd,0.4450,llm,REJECT,0.2000,0.5000,1.0000,0.0000,1.0000,,,,5
plan_dim,plan_type,plan_dim.plan_type,plan_master,plan_type,plan_master.plan_type,0.8750,fuzzy,HUMAN_REVIEW,1.0000,0.5000,1.0000,1.0000,1.0000,derived,0.85,CASE WHEN customer_master.customer_type_cd = 'IND' THEN plan_master.plan_type ELSE plan_master.plan_name END,1
plan_dim,plan_type,plan_dim.plan_type,plan_master,plan_name,plan_master.plan_name,0.7700,llm,HUMAN_REVIEW,0.7000,0.5000,1.0000,1.0000,1.0000,derived,0.85,CASE WHEN customer_master.customer_type_cd = 'IND' THEN plan_master.plan_type ELSE plan_master.plan_name END,2
plan_dim,plan_type,plan_dim.plan_type,customer_master,customer_type_cd,customer_master.customer_type_cd,0.5500,llm,REJECT,0.5000,0.5000,1.0000,0.0000,1.0000,derived,0.85,CASE WHEN customer_master.customer_type_cd = 'IND' THEN plan_master.plan_type ELSE plan_master.plan_name END,3
plan_dim,plan_type,plan_dim.plan_type,billing_account,billing_cycle_cd,billing_account.billing_cycle_cd,0.5500,llm,REJECT,0.5000,0.5000,1.0000,0.0000,1.0000,,,,4
plan_dim,plan_type,plan_dim.plan_type,customer_address,address_type_cd,customer_address.address_type_cd,0.4000,llm,REJECT,0.5000,0.5000,0.0000,0.0000,1.0000,,,,5
credit_risk_dim,credit_risk_cd,credit_risk_dim.credit_risk_cd,billing_account,credit_class_cd,billing_account.credit_class_cd,0.8566,llm,HUMAN_REVIEW,0.8000,1.0000,0.7610,0.7500,1.0000,derived,0.85,"CASE WHEN billing_account.credit_class_cd IN ('LOW', 'MEDIUM', 'HIGH') THEN billing_account.credit_class_cd ELSE 'UNKNOWN' END",1
credit_risk_dim,credit_risk_cd,credit_risk_dim.credit_risk_cd,customer_status_lookup,status_cd,customer_status_lookup.status_cd,0.6864,llm,REJECT,0.3000,1.0000,0.7925,0.7500,1.0000,,,,2
credit_risk_dim,credit_risk_cd,credit_risk_dim.credit_risk_cd,customer_master,status_cd,customer_master.status_cd,0.5841,llm,REJECT,0.3000,1.0000,0.3609,0.5000,1.0000,derived,0.85,"CASE WHEN billing_account.credit_class_cd IN ('LOW', 'MEDIUM', 'HIGH') THEN billing_account.credit_class_cd ELSE 'UNKNOWN' END",3
credit_risk_dim,credit_risk_cd,credit_risk_dim.credit_risk_cd,billing_account,account_status_cd,billing_account.account_status_cd,0.5841,llm,REJECT,0.3000,1.0000,0.3609,0.5000,1.0000,,,,4
credit_risk_dim,credit_risk_cd,credit_risk_dim.credit_risk_cd,identity_documents,verification_flag,identity_documents.verification_flag,0.5678,llm,REJECT,0.2000,1.0000,0.4855,0.5000,1.0000,,,,5
payment_method_dim,payment_method_desc,payment_method_dim.payment_method_desc,payment_method_lookup,payment_method_desc,payment_method_lookup.payment_method_desc,0.9314,fuzzy,AUTO_ACCEPT,1.0000,1.0000,0.7925,0.7500,1.0000,derived,0.85,CASE payment_method_lookup.payment_method_cd WHEN 'CC' THEN 'Credit Card' WHEN 'ACH' THEN 'Bank Transfer' WHEN 'CASH' THEN 'Cash' END,1
payment_method_dim,payment_method_desc,payment_method_dim.payment_method_desc,payment_method_lookup,payment_method_cd,payment_method_lookup.payment_method_cd,0.8925,fuzzy,HUMAN_REVIEW,0.8889,1.0000,0.7925,0.7500,1.0000,derived,0.85,CASE payment_method_lookup.payment_method_cd WHEN 'CC' THEN 'Credit Card' WHEN 'ACH' THEN 'Bank Transfer' WHEN 'CASH' THEN 'Cash' END,2
payment_method_dim,payment_method_desc,payment_method_dim.payment_method_desc,billing_account,payment_method_cd,billing_account.payment_method_cd,0.8878,fuzzy,HUMAN_REVIEW,0.8889,1.0000,0.7610,0.7500,1.0000,,,,3
payment_method_dim,payment_method_desc,payment_method_dim.payment_method_desc,billing_account,billing_account_id,billing_account.billing_account_id,0.5242,llm,REJECT,0.5000,0.0000,0.8614,0.8000,1.0000,,,,4
payment_method_dim,payment_method_desc,payment_method_dim.payment_method_desc,customer_master,email_address,customer_master.email_address,0.4500,llm,REJECT,0.2000,0.0000,1.0000,1.0000,0.8000,,,,5
credit_risk_dim,risk_level,credit_risk_dim.risk_level,billing_account,credit_class_cd,billing_account.credit_class_cd,0.8566,llm,HUMAN_REVIEW,0.8000,1.0000,0.7610,0.7500,1.0000,conditional,0.85,CASE WHEN billing_account.credit_class_cd = 'LOW' THEN 'LOW' WHEN billing_account.credit_class_cd = 'MEDIUM' THEN 'MEDIUM' WHEN billing_account.credit_class_cd = 'HIGH' THEN 'HIGH' ELSE 'UNKNOWN' END,1
credit_risk_dim,risk_level,credit_risk_dim.risk_level,customer_contact,contact_type_cd,customer_contact.contact_type_cd,0.7314,llm,REJECT,0.5000,1.0000,0.6258,0.7500,1.0000,,,,2
credit_risk_dim,risk_level,credit_risk_dim.risk_level,service_subscription,service_status_cd,service_subscription.service_status_cd,0.6541,llm,REJECT,0.5000,1.0000,0.3609,0.5000,1.0000,conditional,0.85,CASE WHEN billing_account.credit_class_cd = 'LOW' THEN 'LOW' WHEN billing_account.credit_class_cd = 'MEDIUM' THEN 'MEDIUM' WHEN billing_account.credit_class_cd = 'HIGH' THEN 'HIGH' ELSE 'UNKNOWN' END,3
credit_risk_dim,risk_level,credit_risk_dim.risk_level,gender_lookup,gender_code,gender_lookup.gender_code,0.6514,llm,REJECT,0.2000,1.0000,0.7925,0.7500,1.0000,,,,4
credit_risk_dim,risk_level,credit_risk_dim.risk_level,customer_status_lookup,status_cd,customer_status_lookup.status_cd,0.6514,llm,REJECT,0.2000,1.0000,0.7925,0.7500,1.0000,,,,5
plan_dim,monthly_fee,plan_dim.monthly_fee,plan_master,monthly_fee,plan_master.monthly_fee,0.8750,fuzzy,HUMAN_REVIEW,1.0000,0.5000,1.0000,1.0000,1.0000,derived,0.85,CASE WHEN billing_account.billing_cycle_cd = 'MONTHLY' THEN plan_master.monthly_fee ELSE NULL END,1
plan_dim,monthly_fee,plan_dim.monthly_fee,billing_account,billing_cycle_cd,billing_account.billing_cycle_cd,0.4800,llm,REJECT,0.3000,0.5000,1.0000,0.0000,1.0000,derived,0.85,CASE WHEN billing_account.billing_cycle_cd = 'MONTHLY' THEN plan_master.monthly_fee ELSE NULL END,2
plan_dim,monthly_fee,plan_dim.monthly_fee,customer_master,status_cd,customer_master.status_cd,0.4000,llm,REJECT,0.5000,0.5000,0.0000,0.0000,1.0000,,,,3
plan_dim,monthly_fee,plan_dim.monthly_fee,customer_contact,contact_type_cd,customer_contact.contact_type_cd,0.4000,llm,REJECT,0.5000,0.5000,0.0000,0.0000,1.0000,,,,4
plan_dim,monthly_fee,plan_dim.monthly_fee,billing_account,payment_method_cd,billing_account.payment_method_cd,0.4000,llm,REJECT,0.5000,0.5000,0.0000,0.0000,1.0000,,,,5
credit_risk_dim,credit_limit,credit_risk_dim.credit_limit,invoice_header,total_amount,invoice_header.total_amount,0.7042,llm,REJECT,0.3000,1.0000,0.8614,0.8000,1.0000,,,,1
credit_risk_dim,credit_limit,credit_risk_dim.credit_limit,credit_class_lookup,credit_limit,credit_class_lookup.credit_limit,0.5750,fuzzy,REJECT,1.0000,0.5000,0.0000,0.0000,1.0000,derived,0.85,CASE WHEN billing_account.credit_class_cd = 'LOW' THEN CAST(credit_class_lookup.credit_limit AS DECIMAL) * 0.8 WHEN billing_account.credit_class_cd = 'MEDIUM' THEN CAST(credit_class_lookup.credit_limit AS DECIMAL) WHEN billing_account.credit_class_cd = 'HIGH' THEN CAST(credit_class_lookup.credit_limit AS DECIMAL) * 1.2 ELSE 0 END,2
credit_risk_dim,credit_limit,credit_risk_dim.credit_limit,billing_account,credit_class_cd,billing_account.credit_class_cd,0.4316,llm,REJECT,0.3000,0.0000,0.7610,0.7500,1.0000,derived,0.85,CASE WHEN billing_account.credit_class_cd = 'LOW' THEN CAST(credit_class_lookup.credit_limit AS DECIMAL) * 0.8 WHEN billing_account.credit_class_cd = 'MEDIUM' THEN CAST(credit_class_lookup.credit_limit AS DECIMAL) WHEN billing_account.credit_class_cd = 'HIGH' THEN CAST(credit_class_lookup.credit_limit AS DECIMAL) * 1.2 ELSE 0 END,3
credit_risk_dim,credit_limit,credit_risk_dim.credit_limit,billing_account,account_status_cd,billing_account.account_status_cd,0.4041,llm,REJECT,0.5000,0.0000,0.3609,0.5000,1.0000,,,,4
credit_risk_dim,credit_limit,credit_risk_dim.credit_limit,billing_account,payment_method_cd,billing_account.payment_method_cd,0.3966,llm,REJECT,0.2000,0.0000,0.7610,0.7500,1.0000,,,,5
account_status_dim,account_status_cd,account_status_dim.account_status_cd,customer_status_lookup,status_cd,customer_status_lookup.status_cd,0.9300,llm,AUTO_ACCEPT,0.8000,1.0000,1.0000,1.0000,1.0000,derived,0.85,"CASE WHEN billing_account.account_status_cd IN ('OPEN', 'ACTIVE') THEN 'ACTIVE' WHEN billing_account.account_status_cd = 'SUSPENDED' THEN 'SUSPENDED' WHEN billing_account.account_status_cd = 'CLOSED' THEN 'CLOSED' ELSE NULL END",1
account_status_dim,account_status_cd,account_status_dim.account_status_cd,customer_status_lookup,status_desc,customer_status_lookup.status_desc,0.8950,llm,HUMAN_REVIEW,0.7000,1.0000,1.0000,1.0000,1.0000,,,,2
account_status_dim,account_status_cd,account_status_dim.account_status_cd,billing_account,account_status_cd,billing_account.account_status_cd,0.8683,fuzzy,HUMAN_REVIEW,1.0000,1.0000,0.4555,0.6667,1.0000,derived,0.85,"CASE WHEN billing_account.account_status_cd IN ('OPEN', 'ACTIVE') THEN 'ACTIVE' WHEN billing_account.account_status_cd = 'SUSPENDED' THEN 'SUSPENDED' WHEN billing_account.account_status_cd = 'CLOSED' THEN 'CLOSED' ELSE NULL END",3
account_status_dim,account_status_cd,account_status_dim.account_status_cd,billing_account,credit_class_cd,billing_account.credit_class_cd,0.8190,llm,HUMAN_REVIEW,0.5000,1.0000,0.9602,1.0000,1.0000,,,,4
account_status_dim,account_status_cd,account_status_dim.account_status_cd,customer_contact,contact_type_cd,customer_contact.contact_type_cd,0.7934,llm,HUMAN_REVIEW,0.5000,1.0000,0.7897,1.0000,1.0000,,,,5
account_status_dim,account_status_desc,account_status_dim.account_status_desc,customer_status_lookup,status_cd,customer_status_lookup.status_cd,0.9300,llm,AUTO_ACCEPT,0.8000,1.0000,1.0000,1.0000,1.0000,,,,1
account_status_dim,account_status_desc,account_status_dim.account_status_desc,customer_status_lookup,status_desc,customer_status_lookup.status_desc,0.9300,llm,AUTO_ACCEPT,0.8000,1.0000,1.0000,1.0000,1.0000,derived,0.85,"CASE WHEN billing_account.account_status_cd IN ('OPEN', 'ACTIVE') THEN 'Active' WHEN billing_account.account_status_cd = 'SUSPENDED' THEN 'Suspended' WHEN billing_account.account_status_cd = 'CLOSED' THEN 'Closed' ELSE customer_status_lookup.status_desc END",2
account_status_dim,account_status_desc,account_status_dim.account_status_desc,billing_account,account_status_cd,billing_account.account_status_cd,0.8294,fuzzy,HUMAN_REVIEW,0.8889,1.0000,0.4555,0.6667,1.0000,derived,0.85,"CASE WHEN billing_account.account_status_cd IN ('OPEN', 'ACTIVE') THEN 'Active' WHEN billing_account.account_status_cd = 'SUSPENDED' THEN 'Suspended' WHEN billing_account.account_status_cd = 'CLOSED' THEN 'Closed' ELSE customer_status_lookup.status_desc END",3
account_status_dim,account_status_desc,account_status_dim.account_status_desc,customer_master,status_cd,customer_master.status_cd,0.7633,llm,HUMAN_REVIEW,0.7000,1.0000,0.4555,0.6667,1.0000,,,,4
account_status_dim,account_status_desc,account_status_dim.account_status_desc,billing_account,payment_method_cd,billing_account.payment_method_cd,0.7140,llm,REJECT,0.2000,1.0000,0.9602,1.0000,1.0000,,,,5
